{
  "activateSkinCapeForUserVersion": false,
  "additionalFiles": [],
  "tlauncherVersion": 0,
  "modpack": {
    "modpackMemory": false,
    "memory": 0,
    "id": -1145328026500,
    "name": "LCVersion",
    "version": {
      "mods": [
        {
          "stateGameElement": "active",
          "id": 9999999,
          "name": "OptiFine",
          "version": {
            "id": 11001818,
            "name": "OptiFine-1.12.2_HD_U_G5",
            "metadata": {
              "sha1": "db971767e460269f2317bb5df57d8f522be65e2c",
              "size": 2457427,
              "path": "mods/OptiFine-1.12.2_HD_U_G5.jar",
              "url": "/mods/9999999/11001818/OptiFine-1.12.2_HD_U_G5.jar"
            }
          },
          "userInstall": false,
          "populateStatus": false
        }
      ],
      "resourcePacks": [
        {
          "stateGameElement": "active",
          "id": 309722,
          "name": "Default 3D [16x]",
          "version": {
            "id": 2652618,
            "name": "Default 3D Medium 1.11 - 1",
            "metadata": {
              "sha1": "4d8a9324e10af821332df7e778b78d46ffbe44d8",
              "size": 8268544,
              "path": "resourcepacks/Â§lDefault 3DÂ§r Medium    Â§l17w49.zip",
              "url": "/resourcepacks/309722/2652618/%C2%A7lDefault%203D%C2%A7r%20Medium%20%20%20%20%C2%A7l17w49.zip"
            }
          },
          "userInstall": false,
          "populateStatus": false
        }
      ],
      "maps": [],
      "shaderpacks": [
        {
          "stateGameElement": "active",
          "id": 10000039,
          "name": "SEUS Renewed",
          "version": {
            "id": 11000535,
            "name": "v1.0.1",
            "metadata": {
              "sha1": "74fbcf6c5ac0711ef7a4eff69d646d6261b961b8",
              "size": 7063150,
              "path": "shaderpacks/SEUS-Renewed-v1.0.1.zip",
              "url": "/shaderpacks/10000039/11000535/SEUS-Renewed-v1.0.1.zip"
            }
          },
          "userInstall": false,
          "populateStatus": false,
          "dependencies": [
            {
              "gameType": "mod",
              "id": 9999999,
              "dependencyType": "required"
            }
          ]
        }
      ],
      "forgeVersion": "14.23.5.2860",
      "gameVersion": "1.12.2",
      "id": -1145328049901,
      "name": "1.0"
    },
    "userInstall": false,
    "populateStatus": false
  },
  "source": "local_version_repo",
  "jar": "1.12.2",
  "skinVersion": false
}